{"cameraMode":{"drawMode":0,"name":"Shaded","section":"Shading Mode"},"sceneLighting":true,"audioPlay":false,"sceneViewState":{"m_AlwaysRefresh":false,"showFog":true,"showSkybox":true,"showFlares":true,"showImageEffects":true,"showParticleSystems":true,"showVisualEffectGraphs":true,"m_FxEnabled":true},"in2DMode":false,"pivot":{"x":-0.010725900530815125,"y":2.8585972785949709,"z":-2.7735228538513185},"rotation":{"x":0.05547897145152092,"y":0.2271263748407364,"z":-0.012948625721037388,"w":0.9722228050231934},"size":14.900261878967286,"orthographic":true}